name,price
Innova 2.0 G Bensin M/T 2006,Rp 98.500.000
Daihatsu Taft Pick Up - Irit Poll..!,Rp 80.000.000
[Mobil Baru] Promo DAIHATSU GRAN MAX PICK UP September Ceria!,Rp 124.350.000
2015Mercedes Benz GLE400 Coupe AMG [9000 KM + Pajak Januari 2021],Rp 1.235.000.000
"Mazda 2 R a/t 2012 putih bisa tuker tambah brio , jazz , calya , juke",Rp 108.000.000
Kijang super thn 89 superior,Rp 33.500.000
Nissan Xtrail 2.5 Xtremer tahun 2014 XT Tgn Pertama Istimewa,Rp 195.000.000
Mitsubisi center,Rp 230.000.000
HRV E cvt 2015 putih,Rp 230.000.000
KIA CARNIVAL DIESEL,Rp 58.000.000
Honda Brio Satya Type E 2016,Rp 108.000.000
"Mercedes Benz S350 2009 Automatic, Km 60rb Rendy SAC",Rp 375.000.000
PHANTER New LS TURBO M/T 2012 hitam istimewa,Rp 175.000.000
Khusus Pencari Mobil Bagus berkualitas,Rp 93.000.000
"Honda HR-V Tahun 2017 ,tangan pertama",Rp 250.000.000
Avanza G Manual 2012,Rp 110.000.000
Toyota Innova 2.0 G Luxury Grill Barong A/T ( Matic ) 2013  Hitam,Rp 150.000.000
Nissan Grand Livina Ultimate 2012 Bagus,Rp 96.000.000
Rush S AT LTD . SPESIAL PROMO TAHUN BARU DP 5 JT SAJA !!!,Rp 144.900.000
Suzuki Ertiga 1.4GL '2014 Matic - @ Pamulang,Rp 125.000.000
Avanza E 2018 MT Super Harga Istimewa,Rp 159.000.000
"TDP 5 JUTA, Great Xenia 2016. *Cicilan Sampai 6 Tahun.",Rp 110.000.000
"Avanza manual E 2014, asli AB Sleman tangan 1 #bisa kredit DP 19 juta",Rp 125.000.000
Mercy CLA 200 SPORT AMG 2014 AT,Rp 443.000.000
Dijual xpander tipe gls,Rp 185.000.000
BMW e36 318i antik,Rp 54.000.000
Mitsubishi Outlander AT Thn 2014 (mobil lelang),Rp 144.000.000
Suzuki Ertiga 1.4 GX MT 2013. DP 17 JT saja. Tunggu apa lagi?!?,Rp 125.000.000
JUAL CEPAT YARIS TRD SPORTIVO MATIC MURAH,Rp 167.500.000
New Civic VTi-S matic 2001 istimewa,Rp 85.000.000
Toyota yaris plat b,Rp 84.000.000
Daihatsu ayla 2016 X Elegan Mt Full istimewaaa,Rp 95.000.000
[DP23jt] Carry Futura PU 1.5 manual 2014 siap kerja,Rp 67.000.000
[Mobil Baru] Promo Akhir Tahun Gran max Pick Up,Rp 149.050.000
Mitsubishi Outlander AT 2014 (unit lelang),Rp 144.000.000
Honda city Z 2002 Manual Vtec,Rp 51.000.000
Brio Satya E Istimewa,Rp 115.000.000
"BRio E Satya Th.2014 Manual,full Upgrade Rs",Rp 105.000.000
Innova diesel 2015,Rp 227.500.000
Innova 2.0 G MT 2014,Rp 182.000.000
Dijual Suzuki Ertiga GX 2016,Rp 140.000.000
jual cepat nissan GL 2015 matic,Rp 125.000.000
Toyota Avanza G AT 2012,Rp 117.500.000
Crv 2011 old second,Rp 140.000.000
"Dp.5 jt ,Sigra X 2018 manual silver,bisa TT calya/Agya/Xenia/wagon",Rp 99.900.000
Nissan Juke RX at 2011 / 12,Rp 115.000.000
Dauhatsu Luxio Putih tipe X Manual 2013,Rp 105.000.000
Ford fiesta 2012,Rp 77.000.000
Avanza Veloz Manual 2012 Bisa Kridit 5 th,Rp 125.000.000
[Mobil Baru] Promo Gebyar Daihatsu Terios akhir tahun 2019,Rp 227.350.000
Suzuki apv x tahun 2006,Rp 55.500.000
[Mobil Baru] ERTIGA SPORT DISCOUNT 40 JUTA PROMO AKHIR TAHUN,Rp 180.000.000
Jual Cepat Renault Kwid 2017 akhir,Rp 88.000.000
Suzuki Swift 2013,Rp 138.000.000
Suzuki Ertiga 1.4 GL MT 2017. DP 17 jt saja! Lihat pasti suka!,Rp 145.000.000
Terios TX metik (Dp 10 jt + free BBN),Rp 105.000.000
Jazz idsi 2007 at,Rp 95.000.000
Avanza Tipe S Silver 2010,Rp 95.000.000
ALL NEW BMW X5 XDRIVE 40i TERBARU 2019 WITH PARKING ASSISTANT,Rp 1.694.000.000
Mitsubishi kuda Grandia diesel 2000 istimewa dp minin 20jt saja,Rp 68.000.000
"Mazda CX-5 Grand Touring Tahun 2013, AT Putih Metalik",Rp 209.000.000
Daihatsu taft Rocky 4x4 diesel solar 1991 manual,Rp 70.000.000
Jual mobilio kondisi masih bagus,Rp 152.000.000
Honda jazz rs 2010 automatic,Rp 124.000.000
Dijual cepat mobil Toyota Avanza tipe G,Rp 88.000.000
Honda Hrv Ecvt at 2016 pth terawat istw km 45rb mrh dp kcl bs,Rp 245.000.000
Wuling Cobfero S 1.5 L MT 2017 (mobil lelang),Rp 100.000.000
Honda BR-V E CVT Automatic 2017,Rp 180.000.000
Toyota Alphard 3.5 V A/T ATPM 2012 Harga Termurah,Rp 345.000.000
Toyota Alphard 3.5 V ATPM 2012 Antik Km Tangan 1 Pajak Tahun Depan,Rp 345.000.000
Honda Civic Genio SR4 1995 Manual,Rp 63.000.000
Fortuner Diesel 2010 Istimewa,Rp 197.000.000
"Suzuki Ertiga Dreza GS AT Putih 2017,Genap.",Rp 159.000.000
Avanza G 2017 manual ( nego ),Rp 165.000.000
Nissan Navara LE 2008 Manual 4x4,Rp 165.000.000
HONDA CRV 2.0 AUTOMATIC 2010,Rp 155.000.000
Mitsubishi Outalander GLS Metik Tahun 2014 Tdp Ringan 29Jt Termurah,Rp 162.000.000
Honda Freed S AT AC Double 2013 Bandung,Rp 165.000.000
[Mobil Baru] HONDA BRIO AKHIR TAHUN DP PALING MURAH 9 JTAAN,Rp 144.700.000
Persona antik km 40rbb antik promo Hanya november,Rp 59.000.000
Brio E 2014 AB kota Tgn1 Maticc harga cass,Rp 114.500.000
Toyota Fortuner 2.5 G 2010 MT (Paket MOBKAS SAHABATKU),Rp 230.000.000
Nissan Serena Autech 2.0L AT 2017 Panoramic Terawat,Rp 285.000.000
Honda Jazz S at 2009 htm terawat istmw tgn 1 dijual.mrh dp.kcl bs,Rp 125.000.000
Honda Jazz 2007 Matic VT I,Rp 83.000.000
"Mobilio E CVT 2015, PMK 2017 low km Hitam",Rp 155.000.000
"Daihatsu Terios 1.5 R manual 2016, putih, km 31rb murah ketimbang rush",Rp 178.000.000
Honda Freed PSD AC Double AT 2013,Rp 160.000.000
Brio tipe A upgrade RS 2015 bisa BT,Rp 115.000.000
Wuling Cobfero S 1.5 L MT Thn 2017 (mobil lelang),Rp 100.000.000
Isuzu/NKR71 HD E2 th 2008,Rp 80.000.000
2010 Innova 2.0 E Manual. Plat BE. Apiik,Rp 117.000.000
Fortuner 2.7G A/T Lux - putih - tahun 2014,Rp 235.000.000
Innova Reborn Q Bensin Manual 2016 km 14 Ribu Antik,Rp 270.000.000
H.all new civic 1.8 mt 2013 grey tgn 1 mrh terawat istmw record,Rp 219.000.000
Toyota Yaris 2011 manual,Rp 98.000.000
"Ford Escape XLT Limited 2,3 Metic 2010 pjk off 3thn",Rp 59.000.000
Wuling Cobfero S 1.5 L MT 2017 (unit lelang),Rp 100.000.000
Toyota avanza s at 2010 tdp 5jt cash back 3jt,Rp 88.000.000
TDP 10JT RUSH S 2010 Matic F kota,Rp 120.000.000
Toyota Fortuner CASH Termurah G VNT turbo AT Diesel 2013,Rp 238.950.000
Honda CRV 2.4 2010 tangan 1 TDP 15jt angs 4.308.000X47,Rp 135.000.000
Honda CRV 2.0 2012 AT.,Rp 205.000.000
Daihatsu Feroza 94 Mulus,Rp 43.000.000
Panther 07 box AC pw stering istimewa,Rp 67.000.000
Dijual starlet mesin dijamin aluus,Rp 22.000.000
Toyota Vios Murah eX Taxi,Rp 50.000.000
Civic 1.8 At hitam 2015 good condition,Rp 230.000.000
Dijual xenia Li thn 2008,Rp 79.000.000
TOYOTA INNOVA REBORN 2017,Rp 250.000.000
"Suzuki Splash GL 2014 MT/Manual. Tdp8jt, Angs2,8. irit, gesit, lincah.",Rp 81.000.000
Carry ST 100. BU banget,Rp 18.000.000
Toyota kijang lx 1997 upgrade lgx mantap,Rp 55.000.000
Yaris S Limited 2011 AT DP 5jt,Rp 120.000.000
Grand Livina XV/AT,Rp 118.000.000
Harga Cash Ford Ecosport AT Trend Putih Tahun 2015,Rp 127.000.000
"Avanza G 2012 Manual , Plat AG , BU",Rp 108.000.000
Karimun GS full ori,Rp 105.000.000
AGYA TRD-S M/T istimewa KM 21RB di kota Padang,Rp 105.000.000
Xenia Li Sporty Manual 2008,Rp 75.000.000
[Mobil Baru]  DP Murah 10 jt daihatsu sigra,Rp 114.000.000
Hyundai Santa Fe 2.4 Sport 2015 Free BBN KM.40rb Record #aobe,Rp 217.000.000
Honda HR-V 1.5 E CVT '2016 A/T - @ Pamulang,Rp 233.000.000
New City RS E at 2014,Rp 205.000.000
Xenia R Attivo A/T 2012 DP 3jt,Rp 98.000.000
mobil Escudo bekas,Rp 75.000.000
Toyota Alphard G 2009 premium sound,Rp 310.000.000
Dijual cepat Toyota Pickup bisa nego,Rp 80.000.000
Mazda CX9 3700cc Matic 2009  istimewa,Rp 190.000.000
Mitsubishi Xpander Exeed 2019 Hanya DP 10 AJA,Rp 210.000.000
Mithsubishi Pajero Sport Exceed 2009 Matic,Rp 217.000.000
HONDA HRV 1.8 PRESTIGE THN 2015,Rp 240.000.000
Toyota VRZ At diesel 2016 KM 30rb,Rp 375.000.000
LEXUS NX200 SPORT ATPM BUKAN RX200 TAPI NX 200,Rp 733.000.000
Datsun Go+ panca T-option (DP 8 JT),Rp 75.000.000
Jazz RS cvt 2017,Rp 235.000.000
Dijual Honda BRV 2017 AT,Rp 177.000.000
mobil honda accord 90,Rp 26.500.000
TDP10Jt GranMax 1.3BlindVan AC 2014 Pmk 2015 Ang2.4Jtx47 Putih Kredit,Rp 75.000.000
Nissan Xtrail 2.5 2016 Istimewa Rawatan #aot,Rp 243.000.000
"Fiesta tipe S,1,6 metic merah terawat",Rp 103.000.000
Innova G.bensin thn 2004 manual,Rp 87.000.000
"Daihatsu Ayla X 2016 MT/Manual. Tdp8jt, Angs2,7. Murah Meriah ini gan.",Rp 78.000.000
Over kredit Freed 2013,Rp 100.000.000
Vios limo 2005 putih,Rp 45.000.000
Toyota Calya 1.2 G MT 2018 (mobil lelang),Rp 90.000.000
Jazz RS 2015 MT Pajak Baru,Rp 197.000.000
Honda Brio SEHATTTT,Rp 110.000.000
Toyota Rush G 2010 sehat,Rp 122.000.000
Ford Laser 87 Biru,Rp 16.500.000
Soluna GLi thn 2000 automatic,Rp 47.000.000
L300 th 2014 bulan 11 pajak baru bayar kir hidup siap jalan jauh,Rp 118.000.000
Toyota Innova G/AT,Rp 179.000.000
Brio RS 2016 matic AA atas nama,Rp 143.000.000
Mitsubishi Pajero Sport Dakar 4x2 AT 2012,Rp 285.000.000
Kijang Krista Mint Condition BU,Rp 64.000.000
Himax 1.0 Standar 2018,Rp 79.000.000
Ngurangi momongan,Rp 50.000.000
Avanza G manual 2015,Rp 133.000.000
Ertiga GX Manual 2018,Rp 165.000.000
Ayla X Matic 2017,Rp 98.000.000
"Dijual Nav 1 V Lux 2015,BerGaransi BuyBack,Mobil88Astra",Rp 218.000.000
Toyota Calya 1.2 G MT Thn 2018 (mobil lelang),Rp 90.000.000
Mercedes Benz E200 tahun 2007,Rp 149.000.000
VIOS LIMO TRD SPORTIVO 2007,Rp 75.000.000
Fortuner TRD 2014 Matic Tgn1 L km 52rb Original Istimewa Jarang pakai,Rp 300.000.000
Toyota Avanza Airbag 2013 Bagus Sekali,Rp 108.000.000
Allnew avansa G 2013 1.3 airbag ab btl terawat,Rp 143.000.000
Soluna tahun 2000,Rp 30.000.000
"Dijual cash atau kredit toyota calya E 2028 , nopol BA , cat original",Rp 111.111.111
Honda hrv e at 2015,Rp 208.000.000
JUAL CEPAT TOYOTA CORONA ABSOLUT '96 MANUAL,Rp 40.000.000
Dp 7jt ||| Grand New Veloz 1.5 AT 2015,Rp 167.999.000
Toyota Calya 1.2 G MT 2018 (unit lelang),Rp 90.000.000
Suzuki All New Swift GX A/T 2012 Pemakaian 2013,Rp 119.000.000
Daihatsu Terios 2014,Rp 150.000.000
Taft GT Diesel Independent 4x4 Thn 2002 Sangat Istimewa,Rp 139.000.000
Terios tx manual 2009,Rp 117.000.000
E250 Coupe 2014 CBU + KM 9RB  + HOT RED Interior,Rp 845.000.000
[Mobil Baru] Honda Mobillio 1.500cc DP mulai 11 jtan,Rp 204.500.000
Suzuki SX4 2008 AT,Rp 68.500.000
Toyotaharrier 240g 2012 putih,Rp 275.000.000
Toyota Sienta V 1.5CVT 2017,Rp 198.500.000
realvan 1.5 2003/04 ab asli bagus terawat  jrg pake,Rp 51.500.000
Mitsubishi Pajero Sport 2.5L Dakar VGT Matic 2014 (FULL ORIGINAL),Rp 330.000.000
HRV mugent  2016 a/t,Rp 248.000.000
Jual mobil pribadi  bagus dan mulus,Rp 325.000.000
H-1 elegance diesel istimewa,Rp 150.000.000
2018 Toyota Rush S TRD Sportivo TERMURAH,Rp 205.000.000
ERTIGA GL MATIC 2017   DP TERMURAH SE OLX!!!,Rp 149.000.000
Mercedes Benz C240 Mercy W203 th2001 Elegance Sunroof  “AMG STYLE”,Rp 99.500.000
TERIOS RX ADVENTURE THN 2012 MURAH&PROSES MUDAH,Rp 115.000.000
"Daihatsu Granmax 1.3 D FF MB (AC + VR) - 2015 - terawat, km 23.700",Rp 87.000.000
Toyota Altis 1.8 Tipe V AT Matic 2008 Siap Pakai,Rp 135.000.000
Jual cepat BMW murah banget,Rp 75.000.000
Mobilio e cvt 2014 dp 10jt,Rp 128.000.000
Calya G at 2019 mobil seperti baru,Rp 142.000.000
[NEW YEAR SALE DP 60 JT] Toyota INNOVA REBORN 2.4 G DSL (Manual) 2018,Rp 295.000.000
MITSUBISHI OUTLANDER 2.0 PX AT 2012 putih low km antik plat ganjil,Rp 165.000.000
[Mobil Baru]  CUCI GUDANG TOYOTA OBRAL STOCK 2019 INNOVA REBORN G,Rp 308.000.000
DAIHATSU XENIA 1.3 R STD M/T 2018,Rp 147.000.000
[Lulus Inspeksi] Mobil Go - Toyota Vios Limo 2013 - Bisa Kredit,Rp 90.000.000
BMW X1 Sdrive Xline 2015/2016,Rp 400.000.000
Grand Livina SV MT 2011,Rp 95.000.000
Brio E Matic 2016 Kridit DP Minim,Rp 123.000.000
Mitsubishi Pajero Sport 2.4L Dakar Matic 2018,Rp 470.000.000
2017 Suzuki Carry Pick up. Plat BE. Apiik,Rp 77.000.000
Nissan March 1.5 2014 pmkn 2015,Rp 117.000.000
Ertiga GX metic 2013,Rp 125.000.000
Honda Brio matic satya e aslibali 2017,Rp 138.000.000
Honda Mobilio 1.5E CVT '2014 Automatic,Rp 132.000.000
DIJUAL DAIHATSU AYLA X M/T 2016,Rp 92.000.000
"MOBILIO S 2019 manual,istimewah banget (Wahyu )",Rp 164.000.000
Credit TDP 5jt an Saja Toyota AVANZA S Automatic 2009 Hitam,Rp 92.000.000
Honda Mobilio RS AT Matic 2015 Merah Maroon Credit oke,Rp 165.000.000
Datsun Go Cross at 2019 low km,Rp 145.000.000
Dijual Fortuner putih,Rp 325.000.000
Jazz RS 2013 prod 2012 putih,Rp 155.000.000
Vellfire V 2010 Bandung,Rp 309.999.990
Toyota Camry 2.5 V AT 2015 KM 50RB,Rp 300.000.000
Tiyota Rush TRD Sp At Th.2016,Rp 185.000.000
Vios Limo 2012 Plat BE  by ATHARVIOS,Rp 73.000.000
Di jual mobil jazz rs 2012,Rp 155.000.000
Toyota Yaris E a/t merah ferari mulus langsung BBN,Rp 135.000.000
Toyota Innova 2.5 V Diesel A/T 2012 Hitam,Rp 195.000.000
Toyota Fortuner G 2016,Rp 355.000.000
Toyota Agya G TRD 1.0 At 2016 Pajak Panjang Low km Siap Pakai,Rp 92.000.000
Volvo s80 matic 3.0 turbo istimewa,Rp 50.000.000
Brio 1.2 E manual 2015,Rp 105.000.000
TOYOTA YARIS 1.5 S TRD SPORTIVO 2014 HITAM low km 21rbu plat ganjil,Rp 157.000.000
Yaris S Limited 2011 A/T DP 5jt,Rp 120.000.000
Honda CR-V 2.0 2008 matic. Full audio branded. Dp minim 30jt nego.,Rp 130.000.000
Ford ranger xls 2012,Rp 115.000.000
Agya G Trd 2018 mulus,Rp 112.000.000
Honda Brio E Satya 1.2 Th 2016 Manual Silver,Rp 105.000.000
Sienta V 2017  Orange Metalik,Rp 163.000.000
New Terios Ts Xtra At air bag 2013(Matic),Rp 135.000.000
Yaris TRD 2016 matic dp 15jt aj!,Rp 150.000.000
Xtrail 2.5Xt 2010 silver.  Plat bk medan. Harga nego,Rp 122.000.000
HOTDEAL88TEBET Innova G 2017 Manual Silver km rendah abis,Rp 238.000.000
Kijang G Long Th'93 + full up-grade Grand Extra + istimewa,Rp 42.900.000
[Mobil Baru] HONDA Brio End Of Year SURPRISE,Rp 153.000.000
Honda accord sm4  2.0 at,Rp 62.000.000
Avanza e 2010 manual abu abu,Rp 95.000.000
Suzuki xover mt 2008 antik,Rp 95.000.000
Honda CRV 2.4 EXCELLENT Matic 2012,Rp 210.000.000
Charade g10 1980,Rp 9.000.000
"l300 mitsubishi 1999 minibus,plat H",Rp 50.000.000
Dijual Ford Rangger Double cabin 4x4 Manual,Rp 117.500.000
Dijual toyota harrier 2010 Lprem,Rp 255.000.000
ceria 2002 pajak of 5X,Rp 25.000.000
Honda Mobilio RS 2015 putih matic bisa tdp minim,Rp 148.000.000
Di jual Honda Brio E Satya 1.2 Tahun 2016 Manual Silver,Rp 105.000.000
Suzuki X Over MT 2009 (unit lelang),Rp 53.000.000
"Suzuki Karimun GL 2014 MT/Manual. Tdp8jt, Angs2,1. paling murah disini",Rp 58.000.000
Xenia R Sporty 2016 Putih km 30rb Kridit DP Minim,Rp 143.000.000
Toyota All New Camry V 2.5 at 2015,Rp 350.000.000
[Mobil Baru] DAIHATSU NEW SIGRA 100 % BARU,Rp 116.400.000
toyota sienta V matic 2018 KM 6000 gress,Rp 205.000.000
"[ Dp 15 jt ] Ertiga Sporty Matic 2015, Limited jarang ada",Rp 138.000.000
[Mobil Baru] Ertiga Promo dp 14jt,Rp 198.000.000
[Mobil Baru] Xpander Termurah sejabodetabek 2019,Rp 231.200.000
Mobil Jual Ex Taksi Blue Bird,Rp 120.000.000
Honda City 1.5 E MT 2009 HITAM MULUS !!,Rp 120.000.000
Jazz RS 2009 prod 2008 Abu,Rp 135.000.000
Mercy E260 elegance 2007,Rp 225.000.000
Kijang Lgx 2004 Mulus dan Siap Pakai,Rp 94.000.000
X-PANDER EXCEED Manual TH 2018 bisa kredit,Rp 194.000.000
Suzuki X Over MT 2009 (mobil lelang),Rp 53.000.000
Jual mobil toyota rush Trd sportivo,Rp 170.000.000
Honda Brio E Satya 1.2 2016 Manual Silver,Rp 105.000.000
Honda Accord 2.4 Vtil Hitam Matic 2012,Rp 199.999.999
Hyundai 2005 siap pakai pajak hidup mulus,Rp 35.000.000
Kijang Grand Extra 1.5 Long,Rp 50.000.000
Mercy Boxer 300E coupe,Rp 180.000.000
"Mercedes bens S Class S350 AT 2009,Yoseph SAC",Rp 365.000.000
[NEW YEAR SALE DP 20 JT] Daihatsu XENIA 1.3 R SPORTY (Manual) 2016,Rp 147.000.000
Colt diesel FE 73 2010,Rp 55.000.000
Rush TRD S 2014 Manual,Rp 177.000.000
Sigra R deluxe 2019 bulan mei seperti baru,Rp 118.000.000
Honda CRV 2007 2.4,Rp 128.000.000
Toyota Camry 2.5V 2016 nik 2015 Odo 14rb SuperLow Km Istimewa,Rp 330.000.000
[Mobil Baru] Special Promo Akhir Tahun Xpander DP Ringan dan Angsuran,Rp 246.200.000
Honda Jazz RS AT 2018,Rp 234.000.000
Honda City 2008 tipe idsi matic. Harga 75 juta nego,Rp 75.000.000
Honda CRV 2.4 E CVT Matic AT 2012 Facelift Hitam,Rp 220.000.000
Dijual Honda Brio E Satya 1.2 th 2016 Manual Silver,Rp 105.000.000
Toyota Grand Innova G Diesel AT Th 2012 Hitam Metalik,Rp 179.000.000
Mobilio RS AT 2014,Rp 140.000.000
SUZUKI ERTIGA R3 GX A/T METIK 2016,Rp 135.000.000
Di jual corolla al new th 1998.pjk hdup mobil mlus .msin halus,Rp 50.000.000
Jual LELANG COLT DIESEL FE 74 CANTER,Rp 190.000.000
Brio Satya E 2015 km rendah,Rp 110.000.000
Dijual Cepat Innova 2013,Rp 140.000.000
"Mazda CX5 / GT 2012 / Sky Active / Velg 19"" / Sunroof / Bose Audio",Rp 160.000.000
Suzuki X Over MT Thn 2009 (mobil lelang),Rp 53.000.000
KARIMUN wagonR GL (DP 10 JT),Rp 80.000.000
Jual avanza istimewa,Rp 115.000.000
Wuling Confero S 1.5L Lux Manual Th.2017,Rp 130.000.000
[Mobil Baru] Gebyar Suzuki Ceria Carry Pick Up Tahun 2019,Rp 108.000.000
[Mobil Baru] All new nissan terra mobil high SUV power terbesar,Rp 408.500.000
"Suzuki Ertiga Diesel Hybrid Solar innova Irit 2018/2017 MT1,3 BE Cakep",Rp 165.000.000
Luxio X 1.5 MANUAL 2014(Pajak BARU)Istimewa Siap Pakai,Rp 135.000.000
Honda Jazz RS At 2014 ( New Model),Rp 180.000.000
Dijual Honda Brio E Satya 1.2 2016 Manual Silver,Rp 105.000.000
Honda civic matic 2013 hitam metalik,Rp 205.000.000
Ertiga GL 2016 Manual km 40 rb Bisa Kridit 6 th,Rp 138.000.000
Suzuki Carry Pick-Up 1.5 Manual 2018/2019,Rp 90.000.000
HONDA JAZZ RS AT TAHUN 2016 ISTIMEWA,Rp 195.000.000
Avanza type E th 2004,Rp 75.000.000
SUZUKI ERTIGA R3 GX A/T METIK 2016,Rp 135.000.000
Jual mobil BMW series 3,Rp 40.000.000
Toyota Harrier 2.0AT Turbo 2014,Rp 497.500.000
Gran max minibus 2015 hrg 89.5 jt nego,Rp 89.500.000
Dijual BMW 523i,Rp 165.000.000
Toyota Calya 1.2 G AT 2017 (mobil lelang),Rp 90.000.000
"New Avanza ""G"" automatic 2015 white super mulus",Rp 132.000.000
Jual Cepat Terios TX Adventure  AT 2011 Putih,Rp 125.000.000
Honda Accord VTIL A/T 2010 D Bandung,Rp 126.000.000
Honda Brio 2015  E/CKD metic,Rp 127.000.000
Dijual Opel Blazer SOHC Montera Siap Pakai. Nego.,Rp 47.500.000
Dijual Ertiga GX Manual 2015,Rp 119.000.000
honda civic 1.8 at hitam 2007,Rp 135.000.000
Mitsubishi Pajero Sport sangat ISTIMEWA 2014 / 2015,Rp 266.000.000
Honda Mobilio E cvt metic,Rp 135.000.000
Nisan Grand Livina XV 1.5 At 2017 Pajak Panjang Servis Record Terawat,Rp 142.000.000
"Dijual mobil cepat, pemilik tangan pertama body mulus interior bersih",Rp 105.000.000
Mobil Classy 91 Siap Tes Drive,Rp 22.500.000
Honda Brio E Satya 1.2 Tahun 2016 Manual,Rp 105.000.000
Honda Jazz RS Automatic 2013 Hitam,Rp 150.000.000
"Outlander PX 2012 DP 35 angsurn 4,4x47bln",Rp 175.000.000
Isuzu Panther LS Higrade 2004 MT Diesel Original mulus istmw,Rp 106.000.000
Honda CRV 1.5L  VTEC Turbo,Rp 425.000.000
Ford fiesta thn 2013 tipe S metic,Rp 105.000.000
Brio e manual 2015,Rp 103.000.000
Suzuki Ciaz 2015 manual,Rp 155.000.000
Nissan Terrano 2006 kingsroad K3,Rp 100.000.000
Toyota Innova Q 2.0 Bensin AT Matic 2015 Silver,Rp 252.000.000
"CRV 2,4 Prestige 2014 putih,original cat,low km,bisa tt fortuner,hrv",Rp 257.500.000
VW Touran 1.4 TSI an sendiri,Rp 135.000.000
Km5000 TDP285JT- Mercedes Benz C300 Coupe AMG 2018/2017 Wrty 3 Tahun,Rp 1.050.000.000
[Mobil Baru] promo Special akhir tahun new avanza,Rp 175.200.000
Mobilio RS istimewa 2015 pemakaian 2016,Rp 158.000.000
Jual mobil cepat murah harga bsa nego,Rp 115.000.000
Colt elf 77 ps th 2000 / 19999,Rp 54.000.000
NISSAN LIVINA 1.5 XV 2017 HITAM tngan ke 1 plat ganjil tdp minim,Rp 142.000.000
Dijual Toyota Kijang LSX 2003,Rp 75.000.000
FORTUNER TRD VNT TURBO 2014,Rp 275.000.000
Nissan Grand Livina sv 1.5 at 2017,Rp 145.000.000
Innova G 2009 Abu Abu Metalik Antik,Rp 143.000.000
Honda Brio E Satya 1.2 Th 2016 Manual Silver,Rp 105.000.000
Daihatsu Delta thn 1993,Rp 38.000.000
Agya Merah 2018,Rp 115.000.000
Toyota Camry V at 2010 silver bisa kredit,Rp 140.000.000
Suzuki Apv Arena Sgx AT th 2016 tdp4jt istimewa siap pakai,Rp 115.000.000
Mazda 2 matic type GT komplit mewah record service,Rp 219.000.000
Jual innova tipe G  bensin 2013,Rp 175.000.000
Honda CRV 2.0 AT 2009|Tangan Pertama,Rp 138.500.000
Daihatsu gran max blindvan blind van ac 2013 istimewa no 2014,Rp 90.000.000
"Honda freed PSD 2013 AC double blower,tdp 18jt aja,siap pakai.",Rp 158.000.000
"TAFT GTS F70,1993 DIESEL,MINIBUSJEEP MEWAH KLRG,PEMAKAI(HRG NEGO)",Rp 57.500.000
Mitsubishi Outlander Sport 2.0 PX Matic low Km 58,Rp 165.000.000
"Mitsubishi pajero sport dakar 4x2 AT 2016,Yoseph SAC",Rp 435.000.000
Honda Accord 88 prestige N Pasuruan,Rp 18.000.000
Yaris putih matic S limited 2011 super seger terawat,Rp 131.700.000
Suzuki Swift 1.4GX '2014 Manual - @ Pamulang,Rp 126.000.000
"Dp 7jt / sirion 2012 at matic bisa TT agya, ayla, jazz, yaris splash",Rp 92.000.000
Toyota Calya 1.2 G AT Thn 2017 (mobil lelang),Rp 90.000.000
Avanza e 2010 manual abu sbu,Rp 93.500.000
mercedes benz c200,Rp 87.500.000
Splash gl manual 2012,Rp 93.000.000
Toyota Yaris E Matic 2010,Rp 117.000.000
Mitsubishi Xpander 1.5 Ultimate A/T 2019 Km 9 Ribu SAC,Rp 240.000.000
Jual mitsubishi colt 120 ss pick up,Rp 42.000.000
Suzuki Carry Pick-Up 1.5 Manual 2018/2019,Rp 90.000.000
Toyota Calya 1.2 G AT 2017 (unit lelang),Rp 90.000.000
Great New Xenia 1.3 2016 asli AG tangan pertama.DP 13 juta.biga mobil,Rp 136.000.000
Avanza type E 2004,Rp 69.000.000
Toyota Innova E 2.0 AT 2014,Rp 169.000.000
"Promo akhir thn, Xpander ultimate matic silver 2018",Rp 214.000.000
Venturer 2.0 Automatic 2017 Dp 55 jt,Rp 335.000.000
Brio tahun 2013 warna putih seri E CBU 1.3,Rp 110.000.000
Ayla X 2015 asli bali pribadi terawat tangan 1,Rp 89.000.000
Jual mobil Range Rover vogue 2014,Rp 2.150.000.000
Innova Tipe tertinggi V.20 2008,Rp 119.000.000
Mitsubishi Pajero Sport Dakar Tahun 2016 Odometer 24rb BK 76 RU,Rp 420.000.000
Chevrolet Aveo Ltz 1.4 at 2008,Rp 118.500.000
Honda Brio Type RS 1.2 AutoMatic Tahun 2017,Rp 155.000.000
Jual mobil mulus surat2 lengkap pajak hidup km rendah,Rp 120.000.000
Dijual Brio E 2018,Rp 126.000.000
Isuzu Grand Touring Tahun 2011,Rp 183.000.000
Kijang Innova G 2008 (Bensin),Rp 130.000.000
Honda Mobilio E AT 2016 grey abu abu,Rp 139.999.000
Honda Mobilio RS CVT 2017,Rp 164.000.000
Range Rover Evoque Dynamic Luxury 2012,Rp 610.000.000
Toyota Mark X 2012,Rp 255.000.000
HONDA New HRV E Spesial Edition  at th 2018 km 5rb like New,Rp 289.000.000
"Daihatsu Ayla M 1,0 matic 2015 super irit credit dp minim",Rp 75.000.000
Daihatsu ROCKY 4X4,Rp 75.000.000
Aston Martin Rapide 6.0L black V12,Rp 1.700.000.000
Toyota Innova G Diesel 2.4 2016 at Istimewa KM Low Record #mbb04,Rp 269.000.000
Toyota Fortuner SRZ 2017/2016 Model TRD Free Atas Nama #aobe,Rp 376.000.000
"Mitsubishi Xpander 1.5 A/T Ultimate 2019,km.9ribu Yoseph SAC",Rp 240.000.000
Daihatsu ayla x manual 2014 (dp 7jt),Rp 79.500.000
Datsun Go Panca 1.2 th 2015 Siap keluar kota,Rp 71.000.000
"Toyota Rush S 2010 AT/Matic, Tdp8jt, Angs2,926. paling murah disini.",Rp 87.000.000
Mobilio e manual 2017,Rp 149.000.000
toyota avanza g a/t,Rp 115.000.000
SUZUKI ERTIGA TAHUN 2014 KONDISI 95%,Rp 140.000.000
BRIO E Satya MT 2017,Rp 120.000.000
Futura pik up th 2010 pajak ker hidup,Rp 63.000.000
Innova 2.4 TDP80 Diesel G AT 2017 Bandung,Rp 299.999.990
HONDA BRIO E CKD AUTOMATIC 2014 ODOMETER 30 RIBUAN,Rp 119.000.000
swift AT (cbu) 2006,Rp 85.000.000
Jual mobil Type : FREED GB3 1.5 E AT (CKD),Rp 160.000.000
Suzuki Ertiga MT 2012 (mobil lelang),Rp 89.000.000
Dijual Toyota Soluna th 2000 type GLi - ISTIMEWA,Rp 31.500.000
Splash gl manual th2010,Rp 78.000.000
FT 86 like new 95%,Rp 460.000.000
Toyota Camry 2.4 G AT Facelift 2012 hitam tdp 21 juta nego dikit,Rp 145.000.000
Daihatsu All New Sirion tahun 2018 Low Km,Rp 164.000.000
Toyota yaris E mt pmakaian 2013 velg Rac 16 mulus.luar dalam,Rp 113.500.000
Great New Xenia R Standart 2015,Rp 125.000.000
Suzuki ertiga GL M/T 2018,Rp 154.000.000
Innova reborn v at diesel 2017 kijang,Rp 300.000.000
Toyota Avanza G MT th 2012 tdp12jt siap pakai,Rp 106.000.000
Toyota Kijang Innova 2.0 G MT 2011 TDP 4JT,Rp 146.000.000
Ayla M 2017 manual Dp 10jt sja.full orisinil.,Rp 85.000.000
Avanza g manual 2010,Rp 106.000.000
KIA Picanto at/matic,Rp 56.000.000
Toyota Avanza G Lux 2015 AT like 2016 luxury matic,Rp 128.900.000
Honda CR V 2.4 2010  PUTIH MUTIARA (ISTIMEWA),Rp 160.000.000
Toyota Fortuner Vrz 2.4 at diesel 2017,Rp 435.000.000
New Ertiga GL MT,Rp 143.000.000
Jual feroza 96 ori,Rp 48.000.000
Brio E 2015 Matic Limited Edition,Rp 118.000.000
Suzuki Ertiga GL 2012 istimewa,Rp 100.000.000
Ertiga GL Silver,Rp 110.000.000
New Serena HWS 2.0 Autech Hitam#Panoramic#No Pol Genap#,Rp 265.000.000
BMW 528i F10 Executive 2013 KM 43rb,Rp 450.000.000
Innova 2.4 G Diesel km 20rb Like New,Rp 287.000.000
PAJERO SPORT EXCEED 2011 Gagah Sekali AsliDk,Rp 240.000.000
Freed SD at 2012 hitam terawat siap pakai,Rp 145.000.000
Innova v diesel 2015,Rp 245.000.000
Hyundai H1 2.4 AT th 2010 tdp10jt siap pakai,Rp 115.000.000
Xenia R delux manual,Rp 137.000.000
Saya cari avansa E 2010,Rp 70.000.000
Avanza G Manual 2006 (VVTI),Rp 85.000.000
Toyota Yaris 2017 hykers TRD Sportivo CVT tgn1 rec toyota full ori,Rp 208.000.000
Di jual toyota starlet 1300cc tahun 1994,Rp 39.500.000
Carry 1.0 tahun 1992 siap bwt usaha,Rp 17.000.000
Jual nissan evalia tanpa perantara,Rp 71.000.000
SUZUKI APV Thn 2005 GL,Rp 66.000.000
Honda Hrv E cvt th 2016 tdp20jt istimewa siap pakai,Rp 222.000.000
Toyota Nav1 V Valve matic 2013,Rp 178.000.000
TOYOTA KIJANG INNOVA 2.5 G AT 2014 hitam low km tdp minim plat genap,Rp 215.000.000
Toyota Rush G MT '14 - Full orisinil - a/n sendiri.,Rp 150.000.000
MiniCooper S Coupe R58 1.6 Turbo JCW 2013,Rp 475.000.000
Timor sohc thn 2000 w sdj asli pribadi,Rp 30.000.000
Mitsubishi Mirage GLS 2013 A/T istimewa terawat,Rp 85.000.000
"[Mobil Baru] TERIOS X MT  DP 18JTan Atau Angsuran 2,5 Jt",Rp 197.600.000
# Promo Kredit DP24Jt # Brio E 2017 / 2018 Matic LowKM Istimewa,Rp 129.000.000
Agya tipe G 2013 matic mulus jarang pakai,Rp 89.000.000
Daihatsu Xenia1.3 X Manual Tahun 2016,Rp 113.000.000
HONDA BRIO 1.2 E SATYA w grey.manual.th 2015,Rp 110.900.000
Daihatsu new xenia x mt 2015 (dp 5jt),Rp 114.000.000
Suzuki Karimun Wagon R manual 2014  Seperti Baru,Rp 75.000.000
Suzuki Karimun Wagon R GS MT th 2016 tdp8jt siap pakai,Rp 81.500.000
Datsun Go T-Active (Type Tertinggi) 1.2 M/T 2016 Silver Metalic,Rp 76.000.000
Toyota Calya G AT pake 2017,Rp 105.000.000
Grandlivina 2009,Rp 110.000.000
Suzuki ertiga GL M/T 2018,Rp 154.000.000
Ayla M 2017 manual.Dp 10jt sja.full orisinil,Rp 85.000.000
Feroza 94 Orisinil Murah,Rp 45.000.000
Honda Mobilio RS AT 2015..,Rp 153.000.000
Ertiga diesel 2017,Rp 150.000.000
Ford escape xlt at 2012,Rp 119.000.000
Daihatsu Sigra R Deluxe Matic 2017 Silver DP mulai 10jt an,Rp 110.999.999
Dijual Lexus NX200T F-Sport,Rp 850.000.000
Jual Mitsubishi Col T 120 Klasik Anti tahun 1980,Rp 37.000.000
Panther 2.5 PU Box 2000 L-Sby AC/PS Pajak & Kir Hidup Siap Kerja,Rp 52.500.000
BMW e39 520i 2001 520 siap pakai,Rp 59.500.000
Grand Max 1.3 PU 2018,Rp 104.000.000
Nissan Serena HWS 2011 antik,Rp 105.000.000
Honda CRV 2.0 2013 AT,Rp 217.000.000
Livina X gear manual th 2008,Rp 78.000.000
Dijual cepat mobil toyota avanza tahun 2012 bewarna biru,Rp 140.000.000
Avanza G manual 2012 istimewa apik antik  nopol B,Rp 119.500.000
Suzuki Splash 1.2GL '2013 Manual - Tgn_1,Rp 90.000.000
Chevy Spin Black Metallic 09/2013 Low KM,Rp 97.000.000
Honda CRV 2.4 tahun 2011,Rp 165.000.000
BU JAZZ  VTEC 2004,Rp 78.000.000
DI JUAL CEPAT TOYOTA Kijang,Rp 33.000.000
Jual cepat kijang diesel,Rp 68.000.000
Dicari barteran matic livina,Rp 75.000.000
Toyota Kijang Innova 2.0 G Matic AT Silver Metalik 2011,Rp 135.000.000
Toyota Kijang Innova Reborn diesel V  2.5AT 2017,Rp 350.000.000
Toyota yaris 2017 hykers TRD Sportivo CVT tgn1 rec toyota full ori,Rp 208.000.000
Honda Brio Satya E Manual 2014,Rp 103.000.000
Accord VTIL 2008 Murah Tdp 22jt nego,Rp 132.000.000
Honda Jazz matic 2018,Rp 242.000.000
Toyota Rush 1.5 S At Matic 2013 Hitam Mtic Responsiv kaki empuk No PR,Rp 118.000.000
Vw kodok 1303 th 1974,Rp 45.000.000
Calya abs metic tipe G 2016 istimewa tgn 1,Rp 112.000.000
Honda Mobilio RS matic 2017,Rp 169.000.000
Astina Mobil DP RINGAN 9 JT TOYOTA Agya 1.0 G AT Matic Silver 2016,Rp 92.000.000
Mazda Biante 2.0skyactive AT 2015,Rp 237.000.000
Dijual tangan pertama HONDA BRIO CKD pemakaian pribadi (BU),Rp 112.500.000
Avanza g manual 2014,Rp 135.000.000
Suzuki Karimun Wagon R GL Mt manual 2014,Rp 78.000.000
Hyundai i20 istimewa mewah,Rp 82.500.000
Daihatsu Xenia Li + '05 Mulus,Rp 67.500.000
Nissan Grand Livina XV AT 2012 low km Dp.10jt,Rp 88.000.000
Jual MURAH Ranger flat F tahun 2011,Rp 135.000.000
AVANZA G 2012 METIK bagus siap pakai murah ( wahyu ),Rp 112.000.000
JUAL CRV 2008 OVER KREDIT / CASH,Rp 155.000.000
Ayla M 2017 manual.Dp 10jt sja.full orisinil,Rp 85.000.000
Pajero Sport Exceed 2014 Putih Kridit DP Minim,Rp 265.000.000
"KIA Sportage Gen 1 , matic 4x4 siap adventure",Rp 68.500.000
"Toyota New Calya 1.2 G manual tahun 2017 , Full Original 100%",Rp 115.000.000
BMW 3201 hitam 2013 luxury,Rp 330.000.000
Jual Cepat Mercy Boxer E 300,Rp 47.500.000
Honda Jazz RS 2016 KM ANTIK!,Rp 215.000.000
Freed PSD tangan pertama dari baru,Rp 119.000.000
Sirion FMC Sport MT 2016(Manual),Rp 125.000.000
Picanto Se 1 Tangan dari baru,Rp 64.500.000
Honda Crv at 2.4 prestige 2013,Rp 240.000.000
Suzuki swift st matic 2009 (dp 7jt),Rp 94.000.000
Ford Ranger 2.5 XLT 4x4 Manual,Rp 75.000.000
"Jl. Hyundai eccent 1,5  silver manual th 2006 Istimewa",Rp 45.500.000
Toyota Soluna GLI 2001,Rp 55.000.000
[NEW YEAR SALE DP 20 JT] Toyota YARIS 1.5 E (Manual) 2007,Rp 83.000.000
Jual cepat.mobil terawat,Rp 36.000.000
"Jual pickup l,300 jos",Rp 16.000.000
Mirage 2015 1.2L Sport Matic,Rp 99.000.000
HONDA FREED PSD 1.5 THN 2014,Rp 165.000.000
Si Keren utk Gaul JAZZ RS AT 2010/2011 PUTIH #mobil88jemursari,Rp 136.000.000
Honda Freed PSD Matic 2010,Rp 129.000.000
Mazda 2 sedan tahun 2010,Rp 95.000.000
Rush TRD Sportivo 2014 Manual Plat H Super Antik KM 70rb Like New Topp,Rp 150.000.000
Dp33jt T Innova G 2.0 AT 2017,Rp 248.000.000
MERCY E250 COUPE TURBO PANORAMIC 2011,Rp 543.000.000
Terios TX Matic 2010 Dp 13jt,Rp 112.000.000
Jual Cepat Toyota Innova Reborn V 2.0 Matic th 2016 Putih,Rp 258.000.000
Daihatsu Xenia Grand R mt 2016,Rp 120.000.000
Suzuki Ertiga gx 2014,Rp 130.000.000
BMW 320I SPORT 2013,Rp 310.000.000
Honda Mobilio RS matic 2017,Rp 169.000.000
Pajero matic sunroof kreen,Rp 300.000.000
Agya 2014 1.2L TRD S Improvement Matic,Rp 93.000.000
Yaris trds/auto/2014/ murah,Rp 157.500.000
Nissan x gear at 2013 pth terawat istw tgn1 good condition dp.kcl,Rp 139.000.000
Mitsubishi Mirage Exceed 2016 White Low Km like new,Rp 125.000.000
Toyota Avanza G Tahun 2006 M/T Full Originall Muluss,Rp 86.000.000
Grand livina istimewa 2008 XV 1500 cc,Rp 85.000.000
Tyt. Avanza Veloz G 1.3 2014 Mt Istw Bs krdt,Rp 137.500.000
Mobilio S 2017 manual.Dp 25jt sja.,Rp 134.000.000
Dijual Cepat Avanza,Rp 155.000.000
"TDP 20 JT Angs.3,8 JT Lsg.APPROVE, Mobilio E CVT Matic AT 2018/2017",Rp 150.000.000
"TOYOTA YARIS S TRD AT 2015 Putih Matic, Service record, Pajak panjang",Rp 161.000.000
Honda Mobilio 1.5 E CVT Automatic 2014 Grey Plat L Tangan 1 Pribadi,Rp 128.000.000
BMW X1 SDrive 1.8 Xline 2014,Rp 290.000.000
Jazz idsi AT 2005,Rp 71.000.000
Feroza mati pajal mesin sehat..,Rp 35.000.000
Wuling Confirm S Lux Plus tipe tertinggi Captain Seat Merah,Rp 125.000.000
BMW 320i Sport 2016 LOW KM Warranty Panjang ISTIMEWA,Rp 515.000.000
Mobil alphad siap pakai,Rp 850.000.000
Chevrolet Tavera 2002 Bensin,Rp 60.000.000
Colt Diesel 110ps 4roda 2013 box,Rp 160.000.000
BMW 320I SPORT 2013,Rp 310.000.000
Honda Mobilio RS 2017 matic,Rp 169.000.000
H Jazz RS CVT 2018,Rp 234.000.000
DATSUN GO+ PANCA 2019 HITAM MULUS++,Rp 96.000.000
Hiyundai avega 2013 sangat istimewaaaa,Rp 95.500.000
Etios valco G 2016 manual,Rp 112.000.000
Honda Jazz Idsi Automatic 2018 DP 15jt,Rp 82.000.000
Jual fortuner diesel 2012,Rp 225.000.000
Yoyota Yaris G 1.5 at 2014,Rp 155.000.000
Nissan grand livina 2011 XV AUTOMATIC pajak hidup,Rp 75.000.000
Suzuki SPLASH 1.2Automatic Dohc 4Cilinder 2013Facelift BA Asli Tgn1,Rp 105.999.999
Daihatsu Taft Rocky 4x4 tahun 1994 / 1995 istimewa banget,Rp 95.000.000
"Fortuner VNT AT 2013 Km10rban/Thn Hanya DP 26,8Jt Atau Angs 4,9Jtan",Rp 247.500.000
[Lulus Inspeksi] Toyota Camry 2.5 V 2013 Good Condition !,Rp 229.000.000
"Mazda 2 R Matic 2011 Sedan, BK Pajak Juni 20",Rp 98.000.000
Suzuki Swift ST 2009 Manual Kredit tDp 15jt,Rp 73.000.000
JUAL TOYOTA AVANZA E 1.3 TAHUN 2016,Rp 120.000.000
Daihatsu espass th 2006,Rp 25.500.000
avanza 2009 istimewa..,Rp 106.000.000
Dijual kia rio 1.4 th 2014,Rp 135.000.000
Daihatsu Terios TX AT 2013 antik,Rp 120.000.000
Cari overkredit calya dan sigra matic#takeover#over kredit#calya#sigra,Rp 105.000.000
Suzuki Ertiga MT Thn 2012 (mobil lelang),Rp 89.000.000
Mitsubishi OutLander Type PX AutoMatic Tahun 2014,Rp 205.000.000
Outlander sport PX 2012,Rp 179.000.000
Toyota Avanza S 1500 Istimewa,Rp 135.000.000
Jual mobil mantap,Rp 133.000.000
Toyota Yaris 2018 Heykers Automatic Tangan Pertama Km Rendah Pjk Pnjng,Rp 207.000.000
Avanza G th 2011 automatic,Rp 92.000.000
[Dp6jt] Suzuki Ignis GX AT 2018 gress antik,Rp 129.000.000
